beta,gamma,t,S,I,R
0.3,0.1,0.0,495.0,5.0,2.9999999999999996
0.3,0.1,1.0,493.515,5.985,3.4999999999999996
0.3,0.1,2.0,491.742787635,7.158712365,4.0985
0.3,0.1,3.0,489.6306405304547,8.554988233045346,4.8143712364999995
0.3,0.1,4.0,487.1173699094888,10.21276003070671,5.669870059804534
0.3,0.1,5.0,484.13248222608405,12.1763717110408,6.691146062875205
0.3,0.1,6.0,480.59549598949985,14.49572077652091,7.908783233979285
0.3,0.1,7.0,476.41554911970945,17.22609556865924,9.358355311631376
0.3,0.1,8.0,471.49148125199065,20.427553879512146,11.0809648684973
0.3,0.1,9.0,465.712630669787,24.16364907376455,13.123720256448514
0.3,0.1,10.0,458.96064072375236,28.499274112422764,15.540085163824969
0.3,0.1,11.0,451.1126136596727,33.49737376526013,18.390012575067246
0.3,0.1,12.0,442.0459609616839,39.214289086722985,21.73974995159326
0.3,0.1,13.0,431.64525010002205,45.69357103971252,25.661178860265558
0.3,0.1,14.0,419.81120236038214,52.95826167538117,30.23053596423681
0.3,0.1,15.0,406.4717194550676,61.00191841315757,35.52636213177493
0.3,0.1,16.0,391.59438665459527,69.77905937231415,41.62655397309069
0.3,0.1,17.0,375.1993338808537,79.19620620882431,48.604459910322106
0.3,0.1,18.0,357.37071559158875,89.10520387720685,56.52408053120454
0.3,0.1,19.0,338.26456130806963,99.30083777300526,65.43460091892523
0.3,0.1,20.0,318.110588711984,109.52472659179037,75.36468469622575
0.3,0.1,21.0,297.2060035592039,119.47683908539145,86.31715735540479
0.3,0.1,22.0,275.90046324173073,128.83469549432547,98.26484126394394
0.3,0.1,23.0,254.5731319406357,137.27855724598794,111.14831081337648
0.3,0.1,24.0,233.6046725807939,144.51916088123093,124.87616653797528
0.3,0.1,25.0,213.34846182520727,150.32345554869445,139.32808262609836
0.3,0.1,26.0,194.10569501466892,154.53387680436333,154.3604281809678
0.3,0.1,27.0,176.10815167841562,157.0780324601803,169.81381586140412
0.3,0.1,28.0,159.5105184989089,157.967862393669,185.52161910742217
0.3,0.1,29.0,144.39199711696185,157.28959753624918,201.31840534678906
0.3,0.1,30.0,130.76518164857254,155.18745325101355,217.04736510041397
0.3,0.1,31.0,118.58931234020365,151.84457723428108,232.56611042551532
0.3,0.1,32.0,107.78502594212225,147.46440590893437,247.75056814894342
0.3,0.1,33.0,98.24835305226176,142.25463820790142,262.4970087398369
0.3,0.1,34.0,89.86258270147877,136.41494473789427,276.722472560627
0.3,0.1,35.0,82.50742314954276,130.12860981604086,290.3639670344164
0.3,0.1,36.0,76.06547738517047,123.55769459880908,303.3768280160205
0.3,0.1,37.0,70.42639237060877,116.84101015348988,315.7325974759014
0.3,0.1,38.0,65.48917787497999,110.09412363376967,327.4166984912504
0.3,0.1,39.0,61.1631936875948,103.41069545777789,338.4261108546273
0.3,0.1,40.0,57.36823665020303,96.86458294939187,348.7671804004051
0.3,0.1,41.0,54.034066459604674,90.51229484505104,358.4536386953443
0.3,0.1,42.0,51.09961804656338,84.39551377358723,367.5048681798494
0.3,0.1,43.0,48.512070935359105,78.54350950743277,375.9444195572081
0.3,0.1,44.0,46.225885952517125,72.97534353953148,383.79877050795136
0.3,0.1,45.0,44.20187600783464,67.70181913026082,391.0963048619045
0.3,0.1,46.0,42.40634755901426,62.727165666055114,397.8664867749306
0.3,0.1,47.0,40.810329565838295,58.05046709262556,404.13920334153613
0.3,0.1,48.0,39.388894349737754,53.666855599463545,409.9442500507987
0.3,0.1,49.0,38.120567486563814,49.56849690269113,415.31093561074505
0.3,0.1,50.0,36.986819947731874,45.745394751253954,420.26778530101416
0.3,0.1,51.0,35.971633940270344,42.186041283590086,424.84232477613955
0.3,0.1,52.0,35.06113343960488,38.87793765589654,429.06092890449855
0.3,0.1,53.0,34.24327070359887,35.8080066263129,432.9487226700882
0.3,0.1,54.0,33.50756074504221,32.96291592223827,436.5295233327195
0.3,0.1,55.0,32.84485660048334,30.32932847457331,439.82581492494336
0.3,0.1,56.0,32.24715913376155,27.894093093837768,442.8587477724007
0.3,0.1,57.0,31.707455978428182,25.64438693978736,445.64815708178446
0.3,0.1,58.0,31.219585016435932,23.567819207800873,448.2125957757632
0.3,0.1,59.0,30.778118495189972,21.652503808266744,450.56937769654326
0.3,0.1,60.0,30.37826449843294,19.8871074241971,452.7346280773699
0.3,0.1,61.0,30.015783012768335,18.260878167441994,454.7233388197896
0.3,0.1,62.0,29.68691427875041,16.763659084715716,456.5494266365338
0.3,0.1,63.0,29.38831749260272,15.385889962391834,458.22579254500533
0.3,0.1,64.0,29.117018241130108,14.118600217625264,459.7643815412445
0.3,0.1,65.0,28.870363317084617,12.95339511990823,461.17624156300707
0.3,0.1,66.0,28.645981783103718,11.882437141898308,462.4715810749979
0.3,0.1,67.0,28.4417513363603,10.898423874451893,463.6598247891877
0.3,0.1,68.0,28.255769179283053,9.994563644083952,464.7496671766329
0.3,0.1,69.0,28.08632672925812,9.164549729700491,465.7491235410413
0.3,0.1,70.0,27.931887606437176,8.402533879551383,466.6655785140113
0.3,0.1,71.0,27.79106842727743,7.70309967075599,467.5058319019665
0.3,0.1,72.0,27.66262200524616,7.061236125711662,468.2761418690421
0.3,0.1,73.0,27.54542262174495,6.472311896641706,468.98226548161324
0.3,0.1,74.0,27.438453081825305,5.932050246897181,469.6294966712774
0.3,0.1,75.0,27.340793312398194,5.436504991634574,470.22270169596715
0.3,0.1,76.0,27.251610296807332,4.982037508061977,470.7663521951306
0.3,0.1,77.0,27.170149170015062,4.565294884048049,471.26455594593676
0.3,0.1,78.0,27.095725324212246,4.183189241446059,471.72108543434155
0.3,0.1,79.0,27.027717396212992,3.8328782453007064,472.13940435848616
0.3,0.1,80.0,26.965561026196145,3.511746790787484,472.5226921830162
0.3,0.1,81.0,26.908743292758828,3.2173898451460525,472.8738668620949
0.3,0.1,82.0,26.856797742309368,2.9475964110809056,473.1956058466095
0.3,0.1,83.0,26.809299941926355,2.700334570355829,473.4903654877176
0.3,0.1,84.0,26.76586349426222,2.4737375609843797,473.7603989447532
0.3,0.1,85.0,26.726136461135457,2.266090838012704,474.00777270085166
0.3,0.1,86.0,26.68979814935342,2.0758200659934674,474.23438178465295
0.3,0.1,87.0,26.656556218219976,1.9014799905275666,474.4419637912523
0.3,0.1,88.0,26.626144073260786,1.741744136434001,474.6321117903051
0.3,0.1,89.0,26.598318515071515,1.5953952809798702,474.8062862039485
0.3,0.1,90.0,26.57285761596695,1.4613166519864498,474.9658257320465
0.3,0.1,91.0,26.5495588003719,1.3384838023828514,475.11195739724513
0.3,0.1,92.0,26.528237107723076,1.2259571147933916,475.24580577748344
0.3,0.1,93.0,26.508723619107993,1.122874891929136,475.3684014889628
0.3,0.1,94.0,26.490864031006602,1.0284469908376135,475.4806889781557
0.3,0.1,95.0,26.474517361368175,0.9419489613922783,475.5835336772395
0.3,0.1,96.0,26.459554774889032,0.862716651732192,475.6777285733787
0.3,0.1,97.0,26.445858515788,0.7901412456600029,475.76400023855194
0.3,0.1,98.0,26.433320937633873,0.7236646992481304,475.84301436311796
0.3,0.1,99.0,26.421843620885994,0.6627755460711946,475.9153808330428
0.3,0.1,100.0,26.41133656978557,0.6070050425644994,475.9816583876499
0.3,0.1,101.0,26.40171748109833,0.5559236269952863,476.0423588919063
0.3,0.1,102.0,26.392911077973732,0.5091376674203559,476.09795125460585
0.3,0.1,103.0,26.384848502864127,0.4662864757879238,476.1488650213479
0.3,0.1,104.0,26.377466764050567,0.4270395670226907,476.1954936689267
0.3,0.1,105.0,26.37070823085892,0.39109414351206695,476.23819762562897
0.3,0.1,106.0,26.364520173129307,0.3581727868904729,476.2773070399802
0.3,0.1,107.0,26.358854340930044,0.3280213404006895,476.3131243186692
0.3,0.1,108.0,26.353666580890643,0.30040696640002357,476.3459264527093
0.3,0.1,109.0,26.348916485871992,0.275116364778671,476.3759671493493
0.3,0.1,110.0,26.344567075000324,0.25195413917247383,476.4034787858272
0.3,0.1,111.0,26.34058450136877,0.23074129888677836,476.4286741997444
0.3,0.1,112.0,26.33693778496,0.21131388540687018,476.4517483296331
0.3,0.1,113.0,26.333598568568164,0.1935217132580185,476.47287971817383
0.3,0.1,114.0,26.33054089470142,0.1772272157989596,476.49223188949964
0.3,0.1,115.0,26.327741001629473,0.16230438729101276,476.50995461107954
0.3,0.1,116.0,26.32517713690626,0.14863781328512707,476.52618504980865
0.3,0.1,117.0,26.322829386847875,0.1361217820149984,476.5410488311372
0.3,0.1,118.0,26.320679520581585,0.12465947007978725,476.5546610093387
0.3,0.1,119.0,26.31871084740488,0.1141621962485139,476.56712695634667
0.3,0.1,120.0,26.31690808630522,0.1045487377233241,476.5785431759715
0.3,0.1,121.0,26.315257246592495,0.09574470366371406,476.58899804974385
0.3,0.1,122.0,26.31374551868835,0.08768196120148829,476.5985725201102
0.3,0.1,123.0,26.31236117420017,0.08029810956952074,476.6073407162304
0.3,0.1,124.0,26.311093474483812,0.0735359983289279,476.61537052718734
0.3,0.1,125.0,26.309932586968348,0.06734328601149826,476.6227241270202
0.3,0.1,126.0,26.30886950857926,0.061672035799436906,476.6294584556214
0.3,0.1,127.0,26.307895995653954,0.0564783451447987,476.6356256592013
0.3,0.1,128.0,26.30700449979591,0.05172200648836443,476.6412734937158
0.3,0.1,129.0,26.30618810916145,0.04736619647398471,476.6464456943646
0.3,0.1,130.0,26.305440494716773,0.04337719127126233,476.65118231401203
0.3,0.1,131.0,26.304755861042484,0.03972410581842458,476.65552003313917
0.3,0.1,132.0,26.304128901299272,0.03637865497979325,476.65949244372104
0.3,0.1,133.0,26.303554756001365,0.03331493477972055,476.663130309219
0.3,0.1,134.0,26.30302897527466,0.03050922202845109,476.666461802697
0.3,0.1,135.0,26.302547484304043,0.027939790796222445,476.6695127248998
0.3,0.1,136.0,26.30210655169957,0.0255867443210717,476.6723067039794
0.3,0.1,137.0,26.301702760534305,0.023431861054230882,476.67486537841154
0.3,0.1,138.0,26.30133298182756,0.021458453655552507,476.67720856451695
0.3,0.1,139.0,26.300994350266638,0.019651239850919138,476.6793544098825
0.3,0.1,140.0,26.30068424197766,0.01799622415480408,476.68131953386757
0.3,0.1,141.0,26.300400254172235,0.016480589544749683,476.68311915628306
0.3,0.1,142.0,26.300140186511364,0.0150925982511457,476.6847672152375
0.3,0.1,143.0,26.299902024041494,0.013821500895901426,476.68627647506264
0.3,0.1,144.0,26.299683921569862,0.01265745327794373,476.6876586251522
0.3,0.1,145.0,26.299484189357585,0.011591440162426532,476.68892437048
0.3,0.1,146.0,26.299301280019215,0.010615205484554052,476.6900835144962
0.3,0.1,147.0,26.2991337765269,0.009721188428411206,476.69114503504466
0.3,0.1,148.0,26.298980381225935,0.008902464886537453,476.6921171538875
0.3,0.1,149.0,26.298839905776298,0.008152693847521068,476.6930074003762
0.3,0.1,150.0,26.29871126194212,0.007466068296947019,476.69382266976095
0.3,0.1,151.0,26.29859345315748,0.006837270251894327,476.69456927659064
0.3,0.1,152.0,26.29848556680307,0.006261429581115256,476.69525300361585
0.3,0.1,153.0,26.29838676713379,0.0057340862922836385,476.69587914657393
0.3,0.1,154.0,26.298296288802344,0.005251155994497632,476.69645255520317
0.3,0.1,155.0,26.298213430928623,0.004808898268769081,476.6969776708026
0.3,0.1,156.0,26.2981375516688,0.004403887701716,476.69745856062946
0.3,0.1,157.0,26.298068063242074,0.004032987358269498,476.69789894939964
0.3,0.1,158.0,26.298004427376448,0.003693324488070128,476.69830224813546
0.3,0.1,159.0,26.297946151138206,0.003382268277506519,476.6986715805843
0.3,0.1,160.0,26.297892783112786,0.0030974094751742088,476.69900980741204
0.3,0.1,161.0,26.297843909907417,0.0028365417330269054,476.69931954835954
0.3,0.1,162.0,26.297799152948375,0.0025976445187676626,476.69960320253284
0.3,0.1,163.0,26.29775816554808,0.0023788674671860817,476.6998629669847
0.3,0.1,164.0,26.297720630219263,0.0021785160492834433,476.70010085373144
0.3,0.1,165.0,26.297686256215393,0.001995038448226602,476.7003187053364
0.3,0.1,166.0,26.297654777278286,0.0018270135405122716,476.7005182091812
0.3,0.1,167.0,26.29762594957547,0.0016731398892781272,476.70070091053526
0.3,0.1,168.0,26.297599549811288,0.0015322256645320447,476.7008682245242
0.3,0.1,169.0,26.29757537349712,0.0014031794122463246,476.7010214470906
0.3,0.1,170.0,26.297553233367307,0.0012850016008353444,476.7011617650318
0.3,0.1,171.0,26.297532957928503,0.0011767768795535678,476.7012902651919
0.3,0.1,172.0,26.297514390131237,0.001077666988862724,476.7014079428799
0.3,0.1,173.0,26.29749738615335,0.0009869042678648837,476.70151570957876
0.3,0.1,174.0,26.297481814285906,0.0009037857085211316,476.70161440000555
0.3,0.1,175.0,26.297467553912966,0.000827667510609326,476.7017047785764
0.3,0.1,176.0,26.297454494577263,0.0007579600952517994,476.7017875453275
0.3,0.1,177.0,26.297442535124596,0.0006941235383947733,476.701863341337
0.3,0.1,178.0,26.29743158292028,0.0006356633888732243,476.70193275369087
0.3,0.1,179.0,26.297421553131592,0.0005821268386730984,476.70199632002976
0.3,0.1,180.0,26.297412368070667,0.0005330992157301756,476.70205453271365
0.3,0.1,181.0,26.29740395659272,0.0004882007721026489,476.7021078426352
0.3,0.1,182.0,26.29739625354497,0.0004470837426419263,476.7021566627124
0.3,0.1,183.0,26.297389199261968,0.00040942965138099726,476.7022013710867
0.3,0.1,184.0,26.297382739103433,0.00037494684477814807,476.70224231405183
0.3,0.1,185.0,26.297376823031023,0.00034336823271070334,476.7022798087363
0.3,0.1,186.0,26.29737140522074,0.00031444921972242397,476.70231414555957
0.3,0.1,187.0,26.29736644370799,0.00028796581050165505,476.7023455904815
0.3,0.1,188.0,26.297361900062523,0.0002637128749167024,476.70237438706255
0.3,0.1,189.0,26.297357739090778,0.00024150255917066641,476.70240075835005
0.3,0.1,190.0,26.29735392856326,0.00022116283076964994,476.70242490860596
0.3,0.1,191.0,26.29735043896492,0.0002025361460346404,476.70244702488907
0.3,0.1,192.0,26.297347243266515,0.00018547822983647455,476.70246727850366
0.3,0.1,193.0,26.297344316715265,0.0001698569581024728,476.70248582632667
0.3,0.1,194.0,26.297341636643118,0.00015555133443931186,476.7025028120225
0.3,0.1,195.0,26.297339182291168,0.00014245055294565245,476.7025183671559
0.3,0.1,196.0,26.297336934648865,0.00013045313995559726,476.7025326122112
0.3,0.1,197.0,26.29733487630676,0.00011946616806539467,476.7025456575252
0.3,0.1,198.0,26.297332991321664,0.0001094045363556581,476.702557604142
0.3,0.1,199.0,26.29733126509315,0.00010019031123407583,476.70256854459564
0.3,0.1,200.0,26.297329684250467,9.17521227931134e-05,476.7025785636268
0.3,0.1,201.0,26.297328236548974,8.402461200719427e-05,476.70258773883904
0.3,0.1,202.0,26.297326910775293,7.694792448761596e-05,476.70259614130026
0.3,0.1,203.0,26.297325696660458,7.046724687406825e-05,476.7026038360927
0.3,0.1,204.0,26.29732458480037,6.453238227185803e-05,476.7026108828174
0.3,0.1,205.0,26.29732356658297,5.909736144637231e-05,476.7026173360556
0.3,0.1,206.0,26.29732263412151,5.412008676326701e-05,476.70262324579176
0.3,0.1,207.0,26.29732178019348,4.956200611650048e-05,476.70262865780046
0.3,0.1,208.0,26.297320998184667,4.538781431860095e-05,476.70263361400106
0.3,0.1,209.0,26.297320282037912,4.1565179640266203e-05,476.70263815278247
0.3,0.1,210.0,26.297319626206207,3.8064493381187895e-05,476.7026423093004
0.3,0.1,211.0,26.297319025609717,3.4858640532381933e-05,476.70264611574976
0.3,0.1,212.0,26.29731847559644,3.1922789753671196e-05,476.7026496016138
0.3,0.1,213.0,26.29731797190618,2.9234201039573154e-05,476.7026527938928
0.3,0.1,214.0,26.29731751063753,2.677204958385121e-05,476.7026557173129
0.3,0.1,215.0,26.297317088217678,2.451726447845633e-05,476.70265839451787
0.3,0.1,216.0,26.29731670137471,2.2452380997486094e-05,476.7026608462443
0.3,0.1,217.0,26.297316347112286,2.0561405322011975e-05,476.7026630914824
0.3,0.1,218.0,26.297316022686417,1.8829690657987265e-05,476.70266514762295
0.3,0.1,219.0,26.29731572558422,1.724382378769405e-05,476.702667030592
0.3,0.1,220.0,26.297315453504453,1.5791521176001443e-05,476.7026687549744
0.3,0.1,221.0,26.297315204339686,1.4461533826714901e-05,476.70267033412654
0.3,0.1,222.0,26.297314976159978,1.3243560152071017e-05,476.7026717802799
0.3,0.1,223.0,26.297314767197935,1.2128166180498754e-05,476.7026731046359
0.3,0.1,224.0,26.297314575835014,1.1106712484607356e-05,476.70267431745253
0.3,0.1,225.0,26.297314400588988,1.0171287263413264e-05,476.70267542812377
0.3,0.1,226.0,26.297314240102466,9.314645060486748e-06,476.7026764452525
0.3,0.1,227.0,26.29731409313238,8.530150643352457e-06,476.702677376717
0.3,0.1,228.0,26.297313958540347,7.811727609455197e-06,476.7026782297321
0.3,0.1,229.0,26.297313835283873,7.153811320612342e-06,476.7026790109049
0.3,0.1,230.0,26.297313722408262,6.5513058014010375e-06,476.702679726286
0.3,0.1,231.0,26.297313619039215,5.999544267631459e-06,476.7026803814166
0.3,0.1,232.0,26.297313524376076,5.494252979174641e-06,476.70268098137103
0.3,0.1,233.0,26.29731343768562,5.031518137162533e-06,476.7026815307963
0.3,0.1,234.0,26.297313358296375,4.607755569158498e-06,476.7026820339481
0.3,0.1,235.0,26.297313285593418,4.219682967491006e-06,476.70268249472366
0.3,0.1,236.0,26.297313219013624,3.8642944657191015e-06,476.70268291669197
0.3,0.1,237.0,26.297313158041288,3.5388373563085007e-06,476.70268330312143
0.3,0.1,238.0,26.29731310220414,3.240790769182182e-06,476.7026836570052
0.3,0.1,239.0,26.297313051069686,2.967846145997514e-06,476.70268398108425
0.3,0.1,240.0,26.297313004241857,2.717889358910987e-06,476.70268427786885
0.3,0.1,241.0,26.297312961357946,2.4889843353291966e-06,476.7026845496578
0.3,0.1,242.0,26.297312922085787,2.2793580618095187e-06,476.7026847985563
0.3,0.1,243.0,26.29731288612119,2.087386850956297e-06,476.7026850264921
0.3,0.1,244.0,26.29731285318559,1.911583764941051e-06,476.7026852352308
0.3,0.1,245.0,26.29731282302388,1.750587098233981e-06,476.70268542638917
0.3,0.1,246.0,26.297312795402437,1.603149830338308e-06,476.70268560144785
0.3,0.1,247.0,26.297312770107318,1.4681299668322588e-06,476.70268576176284
0.3,0.1,248.0,26.297312746942595,1.344481693904006e-06,476.70268590857586
0.3,0.1,249.0,26.29731272572884,1.2312472778658852e-06,476.702686043024
0.3,0.1,250.0,26.297312706301742,1.1275496469045415e-06,476.70268616614874
0.3,0.1,251.0,26.29731268851083,1.0325855976080047e-06,476.7026862789037
0.3,0.1,252.0,26.297312672218293,9.456195736499746e-07,476.70268638216226
0.3,0.1,253.0,26.29731265729794,8.65977968443323e-07,476.70268647672424
0.3,0.1,254.0,26.297312643634204,7.930439076332822e-07,476.70268656332206
0.3,0.1,255.0,26.29731263112125,7.26252471017451e-07,476.7026866426265
0.3,0.1,256.0,26.297312619662158,6.65086316883388e-07,476.70268671525173
0.3,0.1,257.0,26.29731260916817,6.090716748715345e-07,476.70268678176035
0.3,0.1,258.0,26.297312599558,5.577746763256729e-07,476.7026868426675
0.3,0.1,259.0,26.297312590757215,5.107979937071777e-07,476.702686898445
0.3,0.1,260.0,26.297312582697646,4.677777630432095e-07,476.7026869495248
0.3,0.1,261.0,26.297312575316866,4.2838076557127793e-07,476.70268699630253
0.3,0.1,262.0,26.297312568557707,3.92301846750239e-07,476.7026870391406
0.3,0.1,263.0,26.297312562367818,3.592615526463432e-07,476.7026870783708
0.3,0.1,264.0,26.29731255669925,3.2900396538665834e-07,476.70268711429696
0.3,0.1,265.0,26.2973125515081,3.012947209140924e-07,476.70268714719737
0.3,0.1,266.0,26.297312546754153,2.759191936902815e-07,476.7026871773268
0.3,0.1,267.0,26.297312542400594,2.5268083428572636e-07,476.70268720491873
0.3,0.1,268.0,26.2973125384137,2.3139964698076548e-07,476.7026872301868
0.3,0.1,269.0,26.297312534762586,2.1191079558544802e-07,476.7026872533268
0.3,0.1,270.0,26.297312531418974,1.9406332667950365e-07,476.70268727451787
0.3,0.1,271.0,26.29731252835697,1.7771900038309993e-07,476.7026872939242
0.3,0.1,272.0,26.29731252555285,1.6275121960197088e-07,476.70268731169614
0.3,0.1,273.0,26.2973125229849,1.4904404945324655e-07,476.70268732797126
0.3,0.1,274.0,26.297312520633223,1.3649131927681984e-07,476.70268734287566
0.3,0.1,275.0,26.29731251847961,1.249958002767635e-07,476.7026873565248
0.3,0.1,276.0,26.29731251650738,1.1446845242311245e-07,476.7026873690244
0.3,0.1,277.0,26.29731251470125,1.0482773478079213e-07,476.7026873804712
0.3,0.1,278.0,26.29731251304724,9.599897392375614e-08,476.702687390954
0.3,0.1,279.0,26.297312511532528,8.791378554230345e-08,476.7026874005539
0.3,0.1,280.0,26.29731251014539,8.05095447635598e-08,476.7026874093453
0.3,0.1,281.0,26.297312508875077,7.372890108242194e-08,476.70268741739625
0.3,0.1,282.0,26.297312507711755,6.751933414579998e-08,476.7026874247691
0.3,0.1,283.0,26.29731250664641,6.183274694942682e-08,476.70268743152104
0.3,0.1,284.0,26.29731250567079,5.662509329628821e-08,476.7026874377043
0.3,0.1,285.0,26.297312504777334,5.1856036631104545e-08,476.7026874433668
0.3,0.1,286.0,26.29731250395913,4.7488637608322495e-08,476.7026874485524
0.3,0.1,287.0,26.297312503209834,4.348906797363424e-08,476.7026874533013
0.3,0.1,288.0,26.297312502523646,3.9826348542856415e-08,476.7026874576502
0.3,0.1,289.0,26.29731250189525,3.647210924865033e-08,476.7026874616328
0.3,0.1,290.0,26.297312501319777,3.3400369396494306e-08,476.70268746528
0.3,0.1,291.0,26.297312500792774,3.058733642785235e-08,476.70268746862007
0.3,0.1,292.0,26.297312500310156,2.8011221631833185e-08,476.7026874716788
0.3,0.1,293.0,26.297312499868184,2.5652071377910525e-08,476.70268747447994
0.3,0.1,294.0,26.297312499463434,2.3491612562495775e-08,476.7026874770452
0.3,0.1,295.0,26.297312499092776,2.1513111072249562e-08,476.70268747939434
0.3,0.1,296.0,26.297312498753335,1.9701242167841388e-08,476.70268748154564
0.3,0.1,297.0,26.29731249844248,1.8041971784198056e-08,476.7026874835158
0.3,0.1,298.0,26.297312498157808,1.6522447827836535e-08,476.70268748532
0.3,0.1,299.0,26.29731249789711,1.5130900629310758e-08,476.70268748697225
0.5,0.1,0.0,495.0,5.0,5.0
0.5,0.1,1.0,492.525,6.975,5.5
0.5,0.1,2.0,489.08963812499996,9.712861874999998,6.1975
0.5,0.1,3.0,484.3391780253981,13.492035787101855,7.168786187499999
0.5,0.1,4.0,477.8044565023839,18.677553731405837,8.517989766210185
0.5,0.1,5.0,468.8802380929555,25.73401676769369,10.38574513935077
0.5,0.1,6.0,456.8140661838312,35.226787000048645,12.959146816120139
0.5,0.1,7.0,440.72197437574727,47.79620010812773,16.481825516125003
0.5,0.1,8.0,419.6571386964349,64.08141577662731,21.261445526937777
0.5,0.1,9.0,392.76491510799895,84.56549778740057,27.66958710460051
0.5,0.1,10.0,359.5505545484649,109.32330856819458,36.126136883340564
0.5,0.1,11.0,320.24329832769763,137.69823393214241,47.058467740160026
0.5,0.1,12.0,276.14636171936945,168.02534714725635,60.828291133374265
0.5,0.1,13.0,229.74677342802056,197.6224007238796,77.6308258480999
0.5,0.1,14.0,184.3436645046099,223.2632695749023,97.39306592048786
0.5,0.1,15.0,143.18649524189183,242.09411188013013,119.7193928779781
0.5,0.1,16.0,108.52188784307755,252.5493080909314,143.9288040659911
0.5,0.1,17.0,81.11476015558665,254.70150496932914,169.18373487508424
0.5,0.1,18.0,60.45470866873256,249.8914059592503,194.65388537201716
0.5,0.1,19.0,45.3475965226461,240.00937750941173,219.64302596794218
0.5,0.1,20.0,34.463748109697846,226.8922881714188,243.64396371888336
0.5,0.1,21.0,26.644189442125093,212.0226180218497,266.33319253602525
0.5,0.1,22.0,20.995018641535605,196.46952702025422,287.53545433821023
0.5,0.1,23.0,16.870137259251685,180.9474557005127,307.18240704023566
0.5,0.1,24.0,13.81752884487167,165.90531854484146,325.2771526102869
0.5,0.1,25.0,11.525127320360701,151.60718821486827,341.86768446477106
0.5,0.1,26.0,9.777835173502456,138.19376154023968,357.0284032862579
0.5,0.1,27.0,8.42659935115569,125.72562120856247,370.8477794402819
0.5,0.1,28.0,7.367159913055972,114.21249852580594,383.4203415611381
0.5,0.1,29.0,6.52573817234669,103.63267041393463,394.84159141371873
0.5,0.1,30.0,5.849458499124253,93.9456830457636,405.2048584551122
0.5,0.1,31.0,5.299927124976178,85.10064611533531,414.5994267596885
0.5,0.1,32.0,4.848899902276514,77.04160872650144,423.1094913712221
0.5,0.1,33.0,4.475332853251356,69.71101490287646,430.81365224387224
0.5,0.1,34.0,4.163352858023018,63.05189340781715,437.7847537341599
0.5,0.1,35.0,3.9008455773998194,57.00921134765863,444.08994307494163
0.5,0.1,36.0,3.6784614474432535,51.53067434284933,449.7908642097075
0.5,0.1,37.0,3.488907848512329,46.56716050749532,454.9439316439924
0.5,0.1,38.0,3.3264393167347954,42.07291298852333,459.60064769474195
0.5,0.1,39.0,3.1864863248002093,38.00557468160558,463.8079389935943
0.5,0.1,40.0,3.0653820808111,34.326121457434134,467.60849646175484
0.5,0.1,41.0,2.960159403191736,30.998731989310084,471.04110860749824
0.5,0.1,42.0,2.8683982152065592,27.99061997836425,474.14098180642924
0.5,0.1,43.0,2.7881099708180943,25.271846224916292,476.94004380426566
0.5,0.1,44.0,2.7176492843774236,22.815122288865332,479.4672284267573
0.5,0.1,45.0,2.655645783616105,20.595613560740116,481.7487406556438
0.5,0.1,46.0,2.600951129302539,18.59074685897967,483.80830201171784
0.5,0.1,47.0,2.552597505265098,16.780025797119144,485.6673766976158
0.5,0.1,48.0,2.5097648532770878,15.14485586939524,487.3453792773277
0.5,0.1,49.0,2.4717548263081324,13.668380309424672,488.85986486426725
0.5,0.1,50.0,2.437969941310497,12.335327163479839,490.2267028952097
0.5,0.1,51.0,2.407896784469702,11.13186760397265,491.4602356115577
0.5,0.1,52.0,2.381092396260954,10.045485231784133,492.57342237195496
0.5,0.1,53.0,2.357173167758801,9.064855937107872,493.5779708951334
0.5,0.1,54.0,2.335805732574251,8.179737778581634,494.48445648884416
0.5,0.1,55.0,2.316699454180086,7.3808702791176355,495.30243026670234
0.5,0.1,56.0,2.29960019603308,6.659882509352878,496.0405172946141
0.5,0.1,57.0,2.2842851289090147,6.009209325541655,496.7065055455494
0.5,0.1,58.0,2.2705583814101784,5.422015140486326,497.3074264781036
0.5,0.1,59.0,2.2582473794888145,4.892124628359057,497.84962799215225
0.5,0.1,60.0,2.24719975186669,4.413959793145276,498.33884045498814
0.5,0.1,61.0,2.2372807025147843,3.982482863182654,498.78023643430265
0.5,0.1,62.0,2.22837077045689,3.5931445089222827,499.17848472062093
0.5,0.1,63.0,2.2203639122591796,3.2418369162277645,499.53779917151314
0.5,0.1,64.0,2.213165854560958,2.9248512823032096,499.8619828631359
0.5,0.1,65.0,2.2066926735732957,2.638839335060551,500.15446799136623
0.5,0.1,66.0,2.2008695661458804,2.3807785089819107,500.4183519248723
0.5,0.1,67.0,2.1956297831817277,2.147940441047872,500.6564297757705
0.5,0.1,68.0,2.1909137011768625,1.9378624789479502,500.8712238198753
0.5,0.1,69.0,2.1866680117207387,1.7483219205092788,501.0650100677701
0.5,0.1,70.0,2.182845012102971,1.5773127280761188,501.23984225982105
0.5,0.1,71.0,2.1794019828819633,1.4230244844895144,501.39757353262866
0.5,0.1,72.0,2.1763006404987775,1.283823378423749,501.5398759810776
0.5,0.1,73.0,2.1735066548580266,1.1582350262221248,501.66825831892
0.5,0.1,74.0,2.1709892233206434,1.0449289551372958,501.7840818215422
0.5,0.1,75.0,2.1687206938199046,0.942704589124305,501.8885747170559
0.5,0.1,76.0,2.166676230869312,0.8504785931624673,501.98284517596835
0.5,0.1,77.0,2.1648335191166437,0.7672734455988889,502.0678930352846
0.5,0.1,78.0,2.163172499843283,0.6922071203123605,502.1446203798445
0.5,0.1,79.0,2.1616751364364277,0.6244837716879799,502.21384109187574
0.5,0.1,80.0,2.1603252053940616,0.5633853255615479,502.2762894690445
0.5,0.1,81.0,2.159108109874902,0.5082638885245528,502.33262800160065
0.5,0.1,82.0,2.158010713191232,0.4585348963557675,502.3834543904531
0.5,0.1,83.0,2.1570211899725242,0.41367092993889854,502.4293078800887
0.5,0.1,84.0,2.1561288930109703,0.37319613390656253,502.47067497308257
0.5,0.1,85.0,2.1553242340438943,0.3366811794829822,502.5079945864732
0.5,0.1,86.0,2.154598576938608,0.30373871863997015,502.5416627044215
0.5,0.1,87.0,2.1539441419276653,0.274019281786916,502.57203657628554
0.5,0.1,88.0,2.1533539197008853,0.24720757583500452,502.5994385044642
0.5,0.1,89.0,2.1528215942984814,0.22301914365390813,502.6241592620477
0.5,0.1,90.0,2.1523414738700812,0.2011973497169174,502.64646117641314
0.5,0.1,91.0,2.1519084284698526,0.18151066014545414,502.6665809113848
0.5,0.1,92.0,2.1515178341504284,0.16375018845033285,502.68473197739934
0.5,0.1,93.0,2.1511655226996322,0.14772748105609596,502.7011069962444
0.5,0.1,94.0,2.150847736435629,0.1332725192144895,502.71587974435
0.5,0.1,95.0,2.1505610875393475,0.1202319161893221,502.72920699627144
0.5,0.1,96.0,2.1503025214589107,0.10846729065082693,502.7412301878904
0.5,0.1,97.0,2.1500692839703284,0.09785379907432652,502.75207691695545
0.5,0.1,98.0,2.149858891522619,0.08827881161460338,502.7618622968629
0.5,0.1,99.0,2.149669104534536,0.07964071744122575,502.7706901780243
0.5,0.1,100.0,2.1494979033447894,0.07184784688684955,502.77865424976846
0.5,0.1,101.0,2.1493434665485465,0.06481749899440771,502.7858390344571
0.5,0.1,102.0,2.1492041514805647,0.058475064162948585,502.79232078435655
0.5,0.1,103.0,2.1490784766299074,0.05275323259731083,502.7981682907728
0.5,0.1,104.0,2.14896510579316,0.04759128017432728,502.8034436140326
0.5,0.1,105.0,2.1488628337927254,0.04293442415732921,502.80820274205
0.5,0.1,106.0,2.1487705736043634,0.038733241929958265,502.8124961844658
0.5,0.1,107.0,2.148687344753884,0.03494314658744183,502.8163695086588
0.5,0.1,108.0,2.1486122628570254,0.031523913825555964,502.8198638233175
0.5,0.1,109.0,2.1485445301892065,0.028439255110819205,502.8230162147001
0.5,0.1,110.0,2.1484834271831956,0.02565643260574829,502.82586014021115
0.5,0.1,111.0,2.1484283047629416,0.023145911765427556,502.82842578347174
0.5,0.1,112.0,2.1483785774309654,0.020881047920861193,502.8307403746483
0.5,0.1,113.0,2.1483337170349377,0.018837803524802563,502.8328284794404
0.5,0.1,114.0,2.1482932471464706,0.01699449306078952,502.8347122597929
0.5,0.1,115.0,2.1482567379917894,0.015331552909391739,502.836411709099
0.5,0.1,116.0,2.148223801879948,0.013831333730294043,502.83794486438995
0.5,0.1,117.0,2.1481940890796167,0.012477913157595801,502.839327997763
0.5,0.1,118.0,2.1481672841003276,0.011256926821125416,502.84057578907874
0.5,0.1,119.0,2.1481431023384108,0.010155415900929528,502.8417014817609
0.5,0.1,120.0,2.148121287051792,0.009161689597455535,502.842717023351
0.5,0.1,121.0,2.148101606631342,0.008265201058159637,502.84363319231073
0.5,0.1,122.0,2.14808385213967,0.007456435444015837,502.84445971241655
0.5,0.1,123.0,2.148067835091098,0.006726808948186065,502.84520535596096
0.5,0.1,124.0,2.1480533854491637,0.00606857769530186,502.84587803685577
0.5,0.1,125.0,2.1480403498203002,0.005474755554634928,502.8464848946253
0.5,0.1,126.0,2.1480285898244635,0.004939039995008194,502.8470323701807
0.5,0.1,127.0,2.148017980625348,0.004455745194622939,502.8475262741802
0.5,0.1,128.0,2.148008409604553,0.00401974169595578,502.8479718486997
0.5,0.1,129.0,2.1479997751655855,0.003626401965327553,502.8483738228693
0.5,0.1,130.0,2.147991985654979,0.0032715512794009812,502.84873646306585
0.5,0.1,131.0,2.1479849583890505,0.0029514234173896956,502.8490636181938
0.5,0.1,132.0,2.147978618775944,0.0026626206887571165,502.8493587605355
0.5,0.1,133.0,2.1479728995236345,0.0024020778721907656,502.84962502260436
0.5,0.1,134.0,2.1479677399254626,0.0021670296831437,502.8498652303916
0.5,0.1,135.0,2.1479630852156117,0.0019549814246801835,502.8500819333599
0.5,0.1,136.0,2.1479588859876793,0.0017636825101446604,502.8502774315024
0.5,0.1,137.0,2.1479550976701596,0.0015911025766499206,502.8504537997534
0.5,0.1,138.0,2.147951680053269,0.0014354099358753598,502.850612910011
0.5,0.1,139.0,2.147948596862086,0.0012949521334711524,502.8507564510046
0.5,0.1,140.0,2.1479458153714677,0.00116823841074213,502.85088594621794
0.5,0.1,141.0,2.147943306058662,0.0010539238824736267,502.85100277005904
0.5,0.1,142.0,2.1479410422899137,0.0009507952629747187,502.8511081624473
0.5,0.1,143.0,2.1479390000377454,0.000857757988845405,502.8512032419736
0.5,0.1,144.0,2.1479371576259085,0.0007738246017976995,502.8512890177725
0.5,0.1,145.0,2.1479354954992926,0.0006981042682336158,502.8513664002327
0.5,0.1,146.0,2.1479339960163553,0.0006297933243475527,502.85143621065953
0.5,0.1,147.0,2.1479326432618633,0.0005681667464046277,502.85149918999196
0.5,0.1,148.0,2.147931422877962,0.0005125704556655833,502.8515560066666
0.5,0.1,149.0,2.147930321911774,0.000462414376287188,502.8516072637122
0.5,0.1,150.0,2.1479293286779138,0.0004171661725185844,502.85165350514984
0.5,0.1,151.0,2.147928432634457,0.00037634559872361093,502.8516952217671
0.5,0.1,152.0,2.1479276242710448,0.0003395194022632451,502.851732856327
0.5,0.1,153.0,2.1479268950079415,0.0003062967251400178,502.8517668082672
0.5,0.1,154.0,2.1479262371049677,0.00027632495559979715,502.8517974379397
0.5,0.1,155.0,2.1479256435793457,0.0002492859856619171,502.85182507043527
0.5,0.1,156.0,2.1479251081315844,0.0002248928348569136,502.85184999903385
0.5,0.1,157.0,2.147924625078618,0.0002028866043378503,502.8518724883173
0.5,0.1,158.0,2.147924189293484,0.0001830337290376211,502.85189277697776
0.5,0.1,159.0,2.14792379615091,0.0001651234987079155,502.85191108035065
0.5,0.1,160.0,2.147923441478218,0.00014896582152930238,502.8519275927005
0.5,0.1,161.0,2.147923121511038,0.00013438920655641399,502.8519424892827
0.5,0.1,162.0,2.147922832853354,0.00012123894358481663,502.8519559282033
0.5,0.1,163.0,2.147922572441459,0.00010937546112149181,502.8519680520977
0.5,0.1,164.0,2.1479223375114374,9.867284503115667e-05,502.8519789896438
0.5,0.1,165.0,2.1479221255698295,8.901750213598922e-05,502.8519888569283
0.5,0.1,166.0,2.147921934367167,8.030695458479115e-05,502.8519977586785
0.5,0.1,167.0,2.147921761874098,7.244875219554693e-05,502.852005789374
0.5,0.1,168.0,2.1479216062598465,6.535949122745367e-05,502.85201303424924
0.5,0.1,169.0,2.147921465872783,5.8963929168089906e-05,502.85201957019837
0.5,0.1,170.0,2.147921339222894,5.3194186140453256e-05,502.8520254665913
0.5,0.1,171.0,2.1479212249659665,4.79890244539416e-05,502.8520307860099
0.5,0.1,172.0,2.1479211218893224,4.3293198652737476e-05,502.85203558491236
0.5,0.1,173.0,2.1479210288989465,3.905686916328409e-05,502.85203991423225
0.5,0.1,174.0,2.147920945007876,3.523507331755445e-05,502.8520438199192
0.5,0.1,175.0,2.147920869325724,3.178724813777667e-05,502.85204734342653
0.5,0.1,176.0,2.14792080104923,2.8676799817652566e-05,502.85205052215133
0.5,0.1,177.0,2.147920739453735,2.587071533072317e-05,502.8520533898313
0.5,0.1,178.0,2.147920683885489,2.333921204365422e-05,502.8520559769029
0.5,0.1,179.0,2.1479206337547128,2.1055421615582952e-05,502.8520583108241
0.5,0.1,180.0,2.147920588529338,1.899510482856517e-05,502.8520604163662
0.5,0.1,181.0,2.1479205477293615,1.71363943224512e-05,502.8520623158767
0.5,0.1,182.0,2.147920510921748,1.5459562503685265e-05,502.85206402951616
0.5,0.1,183.0,2.1479204777158367,1.394681216470828e-05,502.8520655754724
0.5,0.1,184.0,2.1479204477591933,1.2582087591684884e-05,502.8520669701536
0.5,0.1,185.0,2.14792042073387,1.1350904155730073e-05,502.8520682283624
0.5,0.1,186.0,2.1479203963530313,1.0240194578986951e-05,502.8520693634528
0.5,0.1,187.0,2.1479203743579087,9.238170243887086e-06,502.8520703874723
0.5,0.1,188.0,2.1479203545150547,8.33419607358701e-06,502.8520713112893
0.5,0.1,189.0,2.1479203366138653,7.518677655613286e-06,502.8520721447089
0.5,0.1,190.0,2.1479203204643444,6.782959410692893e-06,502.8520728965767
0.5,0.1,191.0,2.147920305895088,6.119232725974716e-06,502.85207357487263
0.5,0.1,192.0,2.1479202927514636,5.520453077605863e-06,502.8520741867959
0.5,0.1,193.0,2.1479202808939704,4.980265263035848e-06,502.8520747388412
0.5,0.1,194.0,2.1479202701967575,4.49293594949497e-06,502.85207523686773
0.5,0.1,195.0,2.1479202605462895,4.053292822744089e-06,502.85207568616136
0.5,0.1,196.0,2.14792025184014,3.656669690245579e-06,502.85207609149063
0.5,0.1,197.0,2.147920243985905,3.2988569561029895e-06,502.8520764571576
0.5,0.1,198.0,2.147920236900223,2.976056942130718e-06,502.8520767870433
0.5,0.1,199.0,2.14792023050789,2.684843580849816e-06,502.852077084649
0.5,0.1,200.0,2.1479202247410605,2.422126052607891e-06,502.8520773531334
0.5,0.1,201.0,2.147920219538527,2.1851159808823707e-06,502.852077595346
0.5,0.1,202.0,2.147920214845072,1.971297837591508e-06,502.8520778138576
0.5,0.1,203.0,2.1479202106108817,1.7784022443072003e-06,502.8520780109874
0.5,0.1,204.0,2.1479202067910155,1.6043818859996235e-06,502.8520781888276
0.5,0.1,205.0,2.147920203344931,1.4473897816720093e-06,502.85207834926575
0.5,0.1,206.0,2.1479202002360536,1.3057596812589765e-06,502.85207849400473
0.5,0.1,207.0,2.147920197431386,1.1779883807291088e-06,502.8520786245807
0.5,0.1,208.0,2.147920194901161,1.0627197676915054e-06,502.85207874237955
0.5,0.1,209.0,2.147920192618524,9.587304281729003e-07,502.8520788486515
0.5,0.1,210.0,2.1479201905592475,8.649166618015606e-07,502.8520789445245
0.5,0.1,211.0,2.1479201887014754,7.802827675824392e-07,502.85207903101616
0.5,0.1,212.0,2.1479201870254903,7.039304759335815e-07,502.85207910904444
0.5,0.1,213.0,2.1479201855135037,6.350494148197435e-07,502.8520791794375
0.5,0.1,214.0,2.147920184149468,5.72908508794659e-07,502.85207924294247
0.5,0.1,215.0,2.1479201829189063,5.168482196649041e-07,502.8520793002333
0.5,0.1,216.0,2.1479201818087574,4.6627354642093763e-07,502.8520793519181
0.5,0.1,217.0,2.147920180807239,4.206477101394449e-07,502.85207939854547
0.5,0.1,218.0,2.1479201799037213,3.794864568311193e-07,502.8520794406102
0.5,0.1,219.0,2.1479201790886147,3.423529177666351e-07,502.8520794785589
0.5,0.1,220.0,2.1479201783532678,3.088529727304124e-07,502.8520795127942
0.5,0.1,221.0,2.147920177689876,2.786310669896432e-07,502.8520795436795
0.5,0.1,222.0,2.147920177091399,2.5136643758159717e-07,502.8520795715426
0.5,0.1,223.0,2.1479201765514837,2.2676970886656255e-07,502.8520795966793
0.5,0.1,224.0,2.1479201760644004,2.0457982121301148e-07,502.85207961935623
0.5,0.1,225.0,2.1479201756249795,1.845612602173094e-07,502.85207963981424
0.5,0.1,226.0,2.1479201752285566,1.66501557050038e-07,502.8520796582704
0.5,0.1,227.0,2.1479201748709245,1.5020903339862893e-07,502.85207967492056
0.5,0.1,228.0,2.1479201745482874,1.3551076707205082e-07,502.8520796899415
0.5,0.1,229.0,2.147920174257221,1.222507566753083e-07,502.85207970349256
0.5,0.1,230.0,2.147920173994636,1.1028826587435858e-07,502.85207971571765
0.5,0.1,231.0,2.1479201737577456,9.949632967814914e-08,502.85207972674647
0.5,0.1,232.0,2.147920173544035,8.976040688406477e-08,502.8520797366961
0.5,0.1,233.0,2.147920173351237,8.09771643843901e-08,502.85207974567214
0.5,0.1,234.0,2.1479201731773045,7.30533804309131e-08,502.8520797537699
0.5,0.1,235.0,2.147920173020392,6.590495521736814e-08,502.85207976107523
0.5,0.1,236.0,2.147920172878833,5.9456018278444716e-08,502.8520797676657
0.5,0.1,237.0,2.1479201727511263,5.363812323165957e-08,502.8520797736113
0.5,0.1,238.0,2.147920172635916,4.838952131541141e-08,502.8520797789751
0.5,0.1,239.0,2.147920172531979,4.365450601284783e-08,502.8520797838141
0.5,0.1,240.0,2.1479201724382126,3.9382821805649963e-08,502.85207978817954
0.5,0.1,241.0,2.1479201723536216,3.552913078248886e-08,502.8520797921178
0.5,0.1,242.0,2.147920172277308,3.205253144095387e-08,502.85207979567076
0.5,0.1,243.0,2.1479201722084618,2.8916124575713063e-08,502.852079798876
0.5,0.1,244.0,2.1479201721463523,2.6086621645420023e-08,502.8520798017676
0.5,0.1,245.0,2.1479201720903203,2.3533991461733367e-08,502.8520798043763
0.5,0.1,246.0,2.147920172039771,2.1231141450550488e-08,502.85207980672965
0.5,0.1,247.0,2.1479201719941683,1.9153630102492507e-08,502.85207980885275
0.5,0.1,248.0,2.147920171953028,1.7279407560707316e-08,502.8520798107681
0.5,0.1,249.0,2.147920171915913,1.5588581592695625e-08,502.852079812496
0.5,0.1,250.0,2.14792017188243,1.406320646228057e-08,502.8520798140549
0.5,0.1,251.0,2.1479201718522236,1.2687092460894192e-08,502.8520798154612
0.5,0.1,252.0,2.147920171824973,1.1445634076623682e-08,502.8520798167299
0.5,0.1,253.0,2.1479201718003886,1.0325654977273822e-08,502.8520798178744
0.5,0.1,254.0,2.14792017177821,9.315268162159177e-09,502.852079818907
0.5,0.1,255.0,2.1479201717582015,8.403749798334285e-09,502.85207981983854
0.5,0.1,256.0,2.147920171740151,7.581425402211107e-09,502.8520798206789
0.5,0.1,257.0,2.1479201717238667,6.839567158541949e-09,502.85207982143703
0.5,0.1,258.0,2.147920171709176,6.170301286953446e-09,502.85207982212097
0.5,0.1,259.0,2.1479201716959224,5.5665244728578716e-09,502.852079822738
0.5,0.1,260.0,2.1479201716839658,5.021828475773575e-09,502.8520798232947
0.5,0.1,261.0,2.1479201716731793,4.530432114878069e-09,502.8520798237968
0.5,0.1,262.0,2.1479201716634484,4.087119909916205e-09,502.85207982424987
0.5,0.1,263.0,2.1479201716546696,3.6871867262231004e-09,502.8520798246586
0.5,0.1,264.0,2.1479201716467498,3.3263878363467023e-09,502.8520798250273
0.5,0.1,265.0,2.147920171639605,3.0008938682444415e-09,502.85207982535997
0.5,0.1,266.0,2.1479201716331593,2.707250161892549e-09,502.85207982566004
0.5,0.1,267.0,2.1479201716273444,2.4423401029356802e-09,502.8520798259308
0.5,0.1,268.0,2.1479201716220984,2.2033520442151824e-09,502.85207982617504
0.5,0.1,269.0,2.1479201716173657,1.987749464094619e-09,502.85207982639537
0.5,0.1,270.0,2.1479201716130962,1.7932440448552074e-09,502.85207982659415
0.5,0.1,271.0,2.1479201716092446,1.6177713854262563e-09,502.8520798267735
0.5,0.1,272.0,2.1479201716057696,1.45946909067544e-09,502.85207982693527
0.5,0.1,273.0,2.147920171602635,1.3166570047075928e-09,502.85207982708124
0.5,0.1,274.0,2.147920171599807,1.1878193783763268e-09,502.8520798272129
0.5,0.1,275.0,2.1479201715972556,1.0715887817417257e-09,502.8520798273317
0.5,0.1,276.0,2.147920171594954,9.667315907275135e-10,502.85207982743884
0.5,0.1,277.0,2.1479201715928773,8.721348939390038e-10,502.85207982753553
0.5,0.1,278.0,2.147920171591004,7.86794680676145e-10,502.85207982762273
0.5,0.1,279.0,2.1479201715893144,7.098051847740552e-10,502.8520798277014
0.5,0.1,280.0,2.14792017158779,6.403492711709245e-10,502.8520798277724
0.5,0.1,281.0,2.1479201715864145,5.776897631702416e-10,502.85207982783646
0.5,0.1,282.0,2.1479201715851737,5.211616183484498e-10,502.8520798278942
0.5,0.1,283.0,2.147920171584054,4.701648700663115e-10,502.85207982794634
0.5,0.1,284.0,2.1479201715830443,4.24158259668066e-10,502.85207982799335
0.5,0.1,285.0,2.147920171582133,3.82653491783144e-10,502.85207982803576
0.5,0.1,286.0,2.147920171581311,3.4521005175855693e-10,502.852079828074
0.5,0.1,287.0,2.1479201715805694,3.114305302163061e-10,502.8520798281085
0.5,0.1,288.0,2.1479201715799006,2.809564051125731e-10,502.85207982813967
0.5,0.1,289.0,2.147920171579297,2.5346423653119167e-10,502.85207982816775
0.5,0.1,290.0,2.1479201715787526,2.286622338244918e-10,502.8520798281931
0.5,0.1,291.0,2.1479201715782614,2.062871586665525e-10,502.85207982821595
0.5,0.1,292.0,2.1479201715778182,1.8610153114913471e-10,502.8520798282366
0.5,0.1,293.0,2.1479201715774185,1.6789110926693797e-10,502.85207982825517
0.5,0.1,294.0,2.147920171577058,1.5146261504046713e-10,502.85207982827194
0.5,0.1,295.0,2.1479201715767324,1.3664168314250564e-10,502.85207982828706
0.5,0.1,296.0,2.147920171576439,1.2327101025575507e-10,502.8520798283007
0.5,0.1,297.0,2.147920171576174,1.1120868551967851e-10,502.85207982831304
0.5,0.1,298.0,2.1479201715759353,1.0032668434659285e-10,502.8520798283242
0.5,0.1,299.0,2.14792017157572,9.050950962098894e-11,502.8520798283342
0.2,0.2,0.0,495.0,5.0,1.0
0.2,0.2,1.0,494.01,4.99,2.0
0.2,0.2,2.0,493.02395604,4.97804396,2.998
0.2,0.2,3.0,492.0422380693999,4.964153138600091,3.9936087920000003
0.2,0.2,4.0,491.06520886122547,4.948351719054482,4.986439419720019
0.2,0.2,5.0,490.09322351305093,4.930666723418104,5.976109763530915
0.2,0.2,6.0,489.1266289736315,4.911127918153888,6.962243108214536
0.2,0.2,7.0,488.16576359640555,4.88976771174907,7.944468691845314
0.2,0.2,8.0,487.21095672087955,4.866621044925269,8.922422234195128
0.2,0.2,9.0,486.26252828276114,4.841725274058618,9.895746443180181
0.2,0.2,10.0,485.32078845355545,4.815120048452609,10.864091497991906
0.2,0.2,11.0,484.38603731019003,4.786847182127504,11.827115507682427
0.2,0.2,12.0,483.45856453508594,4.75695052080608,12.784484944107927
0.2,0.2,13.0,482.5386491469446,4.725475804786199,13.735875048269143
0.2,0.2,14.0,481.6265592623773,4.692470528396201,14.680970209226384
0.2,0.2,15.0,480.7225518883647,4.657983796729589,15.619464314905624
0.2,0.2,16.0,479.8268727453973,4.622066180351071,16.551061074251542
0.2,0.2,17.0,478.9397561210212,4.584769568656904,17.475474310321758
0.2,0.2,18.0,478.06142475338777,4.54614702255897,18.392428224053138
0.2,0.2,19.0,477.1920897442906,4.506252627144342,19.301657628564932
0.2,0.2,20.0,476.33195050106553,4.465141344940557,20.2029081539938
0.2,0.2,21.0,475.4811947066261,4.42286887039184,21.09593642298191
0.2,0.2,22.0,474.6399983168163,4.379491486123335,21.98051019706028
0.2,0.2,23.0,473.8085255841754,4.335065921539504,22.856408494284945
0.2,0.2,24.0,472.9869291071375,4.289649214269538,23.723421678592846
0.2,0.2,25.0,472.1753499036158,4.243298574937308,24.581351521446752
0.2,0.2,26.0,471.37391750786924,4.196071255696461,25.430011236434215
0.2,0.2,27.0,470.5827500894933,4.148024422933091,26.269225487573507
0.2,0.2,28.0,469.8019545933404,4.099215034499368,27.098830372160126
0.2,0.2,29.0,469.0316268991379,4.049699721801979,27.91867337906
0.2,0.2,30.0,468.27185199955,3.99953467702949,28.728613323420394
0.2,0.2,31.0,467.52270419541037,3.9487755457632003,29.52852025882629
0.2,0.2,32.0,466.784247306844,3.897477325176928,30.31827536797893
0.2,0.2,33.0,466.0565348989927,3.845694267992824,31.097770833014316
0.2,0.2,34.0,465.33961052106406,3.7934797923229207,31.866909686612882
0.2,0.2,35.0,464.6335079574324,3.7408863974899664,32.625605645077464
0.2,0.2,36.0,463.938251489538,3.687965585886375,33.37378292457546
0.2,0.2,37.0,463.25385616735014,3.6347677908969858,34.111376041752735
0.2,0.2,38.0,462.5803280891878,3.5813423108799523,34.83832959993213
0.2,0.2,39.0,461.9176646887212,3.527737249170577,35.55459806210812
0.2,0.2,40.0,461.26585502801225,3.473999460045376,36.260145511942234
0.2,0.2,41.0,460.62488009549037,3.4201745005581743,36.95494540395131
0.2,0.2,42.0,459.99471310780024,3.3663065881366445,37.63898030406294
0.2,0.2,43.0,459.3753198145031,3.312438563806441,38.31224162169027
0.2,0.2,44.0,458.7666588046573,3.2586118608909436,38.97472933445156
0.2,0.2,45.0,458.16868181435245,3.204866479017621,39.62645170662975
0.2,0.2,46.0,457.58133403431947,3.1512409632471003,40.26742500243328
0.2,0.2,47.0,457.004554416789,3.097772388128161,40.897673195082696
0.2,0.2,48.0,456.43827598082055,3.0444963464709858,41.51722767270833
0.2,0.2,49.0,455.8824261153753,2.991446942622038,42.12612694200253
0.2,0.2,50.0,455.33692687945614,2.9386567900168132,42.724416330526935
0.2,0.2,51.0,454.8016952986883,2.886157012781332,43.312147688530295
0.2,0.2,52.0,454.2766436577638,2.8339772511495247,43.88937909108656
0.2,0.2,53.0,453.76167978822195,2.7821456704614844,44.456174541316464
0.2,0.2,54.0,453.2567073510843,2.7306889735068403,45.01260367540876
0.2,0.2,55.0,452.76162611391163,2.679632415978121,45.55874147011013
0.2,0.2,56.0,452.2763322218933,2.628999824800818,46.09466795330575
0.2,0.2,57.0,451.80071846262416,2.57881361910982,46.620467918265916
0.2,0.2,58.0,451.3346745242662,2.5290948336458627,47.13623064208788
0.2,0.2,59.0,450.87808724683237,2.4798631443505137,47.642049608817054
0.2,0.2,60.0,450.4308408663689,2.431136895943881,48.13802223768715
0.2,0.2,61.0,449.9928172518484,2.3829331312756072,48.62424961687593
0.2,0.2,62.0,449.5638961346222,2.3352676222466773,49.10083624313105
0.2,0.2,63.0,449.1439553303125,2.2881549021070424,49.56788976758038
0.2,0.2,64.0,448.7328709530562,2.2416082989419546,50.02552074800179
0.2,0.2,65.0,448.3305176220416,2.1956399701681315,50.47384240779018
0.2,0.2,66.0,447.93676866030677,2.150260937869354,50.912970401823806
0.2,0.2,67.0,447.5514962857925,2.1054811248097547,51.34302258939768
0.2,0.2,68.0,447.17457179466845,2.0613093909718434,51.76411881435963
0.2,0.2,69.0,446.80586573697076,2.01775357047514,52.176380692554
0.2,0.2,70.0,446.44524808461074,1.9748205087401154,52.579931406649024
0.2,0.2,71.0,446.0925883918319,1.9325160997709157,52.97489550839705
0.2,0.2,72.0,445.7477559482096,1.8908453234390108,53.36139872835123
0.2,0.2,73.0,445.41061992430235,1.8498122826584509,53.739567793039036
0.2,0.2,74.0,445.0810495100774,1.8094202403517565,54.109530249570724
0.2,0.2,75.0,444.75891404624514,1.7696716561136197,54.471414297641076
0.2,0.2,76.0,444.44408314864853,1.7305682224875012,54.8253486288638
0.2,0.2,77.0,444.13642682586067,1.6921109007778585,55.1714622733613
0.2,0.2,78.0,443.8358155901548,1.6542999563281136,55.50988445351687
0.2,0.2,79.0,443.5421205620158,1.617134993201549,55.84074444478249
0.2,0.2,80.0,443.25521356836794,1.5806149882091018,56.164171443422795
0.2,0.2,81.0,442.9749672347007,1.544738324234477,56.480294441064615
0.2,0.2,82.0,442.70125507127517,1.5095028228131633,56.78924210591151
0.2,0.2,83.0,442.433951553598,1.4749057759277386,57.09114267047414
0.2,0.2,84.0,442.1729321973528,1.4409439769873649,57.38612382565969
0.2,0.2,85.0,441.9180736279782,1.407613750964539,57.67431262105716
0.2,0.2,86.0,441.6692536450828,1.374910983667032,57.95583537125007
0.2,0.2,87.0,441.4263512818889,1.3428311501274832,58.23081756798347
0.2,0.2,88.0,441.18924685989356,1.3113693420973616,58.49938379800897
0.2,0.2,89.0,440.95782203893555,1.2805202946359249,58.76165766642844
0.2,0.2,90.0,440.73195986285583,1.2502784117884653,59.017761725355626
0.2,0.2,91.0,440.51154480093516,1.2206377913514719,59.267817407713316
0.2,0.2,92.0,440.2964627852909,1.191592248725433,59.51194496598361
0.2,0.2,93.0,440.0866012444124,1.1631353398588178,59.750263415728696
0.2,0.2,94.0,439.8818491330101,1.1352603832893469,59.98289048370046
0.2,0.2,95.0,439.6820969583506,1.1079604812909847,60.20994256035833
0.2,0.2,96.0,439.4872368032462,1.081228540137189,60.43153465661653
0.2,0.2,97.0,439.2971623458631,1.0550572894928316,60.647780364643964
0.2,0.2,98.0,439.1117688765085,1.0294393009488727,60.85879182254253
0.2,0.2,99.0,438.93095331155223,1.0043670057153604,61.064679682732304
0.2,0.2,100.0,438.7546142046349,0.9798327114896133,61.265553083875375
0.2,0.2,101.0,438.58265175530903,0.9558286185175733,61.4615196261733
0.2,0.2,102.0,438.4149678152558,0.932346834867279,61.65268534987681
0.2,0.2,103.0,438.25146589221544,0.9093793909342207,61.83915471685027
0.2,0.2,104.0,438.0920511517638,0.8869182531990135,62.02103059503711
0.2,0.2,105.0,437.9366304170647,0.8649553372583689,62.198414245676915
0.2,0.2,106.0,437.78511216672064,0.8434825201507694,62.37140531312859
0.2,0.2,107.0,437.63740653084267,0.8224916519985646,62.54010181715874
0.2,0.2,108.0,437.4934252854531,0.8019745669884197,62.70460014755845
0.2,0.2,109.0,437.35308184533164,0.7819230937121685,62.86499506095613
0.2,0.2,110.0,437.21629125541125,0.762329064890156,63.02137967969857
0.2,0.2,111.0,437.08297018082425,0.7431843264991167,63.1738454926766
0.2,0.2,112.0,436.95303689569704,0.724480746326521,63.32248235797642
0.2,0.2,113.0,436.8264112707851,0.7062102219731506,63.467378507241726
0.2,0.2,114.0,436.70301476003823,0.6883646883254309,63.608620551636356
0.2,0.2,115.0,436.5827703861798,0.6709361245187726,63.74629348930144
0.2,0.2,116.0,436.465602725382,0.6539165604128472,63.8804807142052
0.2,0.2,117.0,436.3514378911129,0.6372980825993586,64.01126402628776
0.2,0.2,118.0,436.2402035172299,0.6210728399624786,64.13872364280763
0.2,0.2,119.0,436.1318287403882,0.6052330488116852,64.26293821080013
0.2,0.2,120.0,436.02624418183126,0.5897709976062925,64.38398482056246
0.2,0.2,121.0,435.9233819286258,0.5746790512904913,64.50193902008373
0.2,0.2,122.0,435.823175514401,0.5599496552572272,64.61687483034183
0.2,0.2,123.0,435.72555989964803,0.5455753389587412,64.72886476139327
0.2,0.2,124.0,435.6304714516339,0.531548719181088,64.83797982918502
0.2,0.2,125.0,435.53784792397937,0.5178625029994183,64.94428957302124
0.2,0.2,126.0,435.4476284359486,0.5045094904302914,65.04786207362112
0.2,0.2,127.0,435.3597534514961,0.4914825767967528,65.14876397170718
0.2,0.2,128.0,435.27416475811214,0.4787747548213783,65.24706048706653
0.2,0.2,129.0,435.1908054455073,0.4663791164619608,65.34281543803081
0.2,0.2,130.0,435.1096198841729,0.45428885450398654,65.4360912613232
0.2,0.2,131.0,435.03055370385255,0.4424972639235276,65.526949032224
0.2,0.2,132.0,434.95355377195773,0.4309977430336589,65.6154484850087
0.2,0.2,133.0,434.8785681719577,0.4197837944270003,65.70164803361543
0.2,0.2,134.0,434.8055461817728,0.4088490257264824,65.78560479250083
0.2,0.2,135.0,434.73443825219806,0.39818715015594147,65.86737459764613
0.2,0.2,136.0,434.66519598538116,0.38779198694166794,65.94701202767732
0.2,0.2,137.0,434.59777211337894,0.37765746155555857,66.02457042506565
0.2,0.2,138.0,434.5321204768133,0.3677776058100628,66.10010191737676
0.2,0.2,139.0,434.4681960036467,0.3581465578146631,66.17365743853877
0.2,0.2,140.0,434.4059546880952,0.3487585618031914,66.2452867501017
0.2,0.2,141.0,434.3453535696969,0.3396079678408581,66.31503846246234
0.2,0.2,142.0,434.28635071255013,0.330689231419456,66.38296005603051
0.2,0.2,143.0,434.2289051847369,0.3219969129488022,66.4490979023144
0.2,0.2,144.0,434.17297703794384,0.3135256771520911,66.51349728490416
0.2,0.2,145.0,434.11852728729303,0.3052702923724572,66.57620242033458
0.2,0.2,146.0,434.0655178913933,0.29722562979768274,66.63725647880908
0.2,0.2,147.0,434.0139117326218,0.28938666260963686,66.69670160476862
0.2,0.2,148.0,433.9636725976448,0.28174846506469226,66.75457893729055
0.2,0.2,149.0,433.9147651581855,0.274306211511043,66.81092863030348
0.2,0.2,150.0,433.8671549520458,0.26705517534853274,66.86578987260569
0.2,0.2,151.0,433.8208083643883,0.25999072793630124,66.91920090767539
0.2,0.2,152.0,433.7756926092841,0.25310833745326977,66.97119905326265
0.2,0.2,153.0,433.7317757115305,0.24640356771620642,67.02182072075331
0.2,0.2,154.0,433.6890264887436,0.23987207695984775,67.07110143429655
0.2,0.2,155.0,433.6474145337282,0.23350961658329794,67.11907584968851
0.2,0.2,156.0,433.6069101971281,0.22731202986668209,67.16577777300517
0.2,0.2,157.0,433.5674845703597,0.2212752506617974,67.21124017897851
0.2,0.2,158.0,433.52910946882884,0.21539530206028246,67.25549522911088
0.2,0.2,159.0,433.49175741543445,0.20966829504261142,67.29857428952293
0.2,0.2,160.0,433.45540162435753,0.2040904271110169,67.34050794853145
0.2,0.2,161.0,433.42001598513707,0.19865798090925052,67.38132603395366
0.2,0.2,162.0,433.38557504703255,0.19336732283190539,67.42105763013551
0.2,0.2,163.0,433.3520540036722,0.18821490162584853,67.4597310947019
0.2,0.2,164.0,433.31942867798676,0.18319724698614304,67.49737407502707
0.2,0.2,165.0,433.287675507427,0.17831096814868064,67.5340135244243
0.2,0.2,166.0,433.2567715294644,0.1735527524815928,67.56967571805403
0.2,0.2,167.0,433.2266943673723,0.1689193640773651,67.60438626855034
0.2,0.2,168.0,433.1974222162868,0.1644076423474423,67.63817014136582
0.2,0.2,169.0,433.16893382954373,0.16001450062098152,67.67105166983531
0.2,0.2,170.0,433.1412085052912,0.15573692474928819,67.7030545699595
0.2,0.2,171.0,433.1142260733733,0.15157197171735226,67.73420195490937
0.2,0.2,172.0,433.0879668824834,0.14751676826379231,67.76451634925283
0.2,0.2,173.0,433.062411787584,0.14356850951040995,67.79401970290559
0.2,0.2,174.0,433.03754213758987,0.1397244576024587,67.82273340480766
0.2,0.2,175.0,433.0133397633112,0.1359819403606376,67.85067829632816
0.2,0.2,176.0,432.989786965654,0.13233834994573213,67.87787468440028
0.2,0.2,177.0,432.96686650407383,0.12879114153674118,67.90434235438943
0.2,0.2,178.0,432.94456158528,0.12533783202325113,67.93010058269678
0.2,0.2,179.0,432.9228558521858,0.12197599871274328,67.95516814910143
0.2,0.2,180.0,432.90173337310256,0.11870327805345197,67.97956334884397
0.2,0.2,181.0,432.881178631172,0.11551736437332508,68.00330400445466
0.2,0.2,182.0,432.8611765140351,0.11241600863557667,68.02640747732933
0.2,0.2,183.0,432.84171230373227,0.1093970172112644,68.04889067905644
0.2,0.2,184.0,432.822771666832,0.10645825066926934,68.0707700824987
0.2,0.2,185.0,432.8043406447834,0.10359762258400568,68.09206173263254
0.2,0.2,186.0,432.78640564448943,0.10081309836113962,68.11278125714935
0.2,0.2,187.0,432.76895342909677,0.09810269408155249,68.13294387682159
0.2,0.2,188.0,432.75197110899825,0.09546447536374132,68.1525644156379
0.2,0.2,189.0,432.73544613304443,0.09289655624481125,68.17165731071064
0.2,0.2,190.0,432.7193662799601,0.09039709808017773,68.1902366219596
0.2,0.2,191.0,432.7037196499622,0.08796430846206295,68.20831604157563
0.2,0.2,192.0,432.688494656575,0.08559644015683887,68.22590890326804
0.2,0.2,193.0,432.67368001863923,0.08329179006124078,68.2430281912994
0.2,0.2,194.0,432.65926475251075,0.08104869817744742,68.25968654931165
0.2,0.2,195.0,432.6452381644457,0.07886554660699896,68.27589628894714
0.2,0.2,196.0,432.6315898431678,0.07674075856350088,68.29166939826854
0.2,0.2,197.0,432.6183096526145,0.07467279740403993,68.30701754998124
0.2,0.2,198.0,432.60538772485853,0.0726601656792191,68.32195210946205
0.2,0.2,199.0,432.5928144532002,0.0707014042016997,68.3364841425979
0.2,0.2,200.0,432.58058048542847,0.06879509113312239,68.35062442343823
0.2,0.2,201.0,432.5686767172457,0.06693984108926353,68.36438344166486
0.2,0.2,202.0,432.55709428585385,0.065134304263269,68.37777140988271
0.2,0.2,203.0,432.5458245636977,0.06337716556679533,68.39079827073536
0.2,0.2,204.0,432.53485915236223,0.061667143788876055,68.40347370384872
0.2,0.2,205.0,432.524189876621,0.06000299077232084,68.41580713260649
0.2,0.2,206.0,432.5138087786314,0.058383490607445646,68.42780773076095
0.2,0.2,207.0,432.50370811227447,0.056807458842923625,68.43948442888244
0.2,0.2,208.0,432.4938803376353,0.055273741713538854,68.45084592065102
0.2,0.2,209.0,432.4843181156215,0.05378121538461854,68.46190066899372
0.2,0.2,210.0,432.47501430271626,0.05232878521291328,68.47265691207065
0.2,0.2,211.0,432.4659619458629,0.05091538502369,68.48312266911323
0.2,0.2,212.0,432.457154277478,0.049539976403797634,68.49330574611797
0.2,0.2,213.0,432.4485847105906,0.048201548010462,68.50321374139872
0.2,0.2,214.0,432.4402468341034,0.04689911489556315,68.51285405100082
0.2,0.2,215.0,432.4321344081747,0.045631717845145844,68.52223387397993
0.2,0.2,216.0,432.4242413597169,0.04439842273391188,68.53136021754895
0.2,0.2,217.0,432.4165617780096,0.04319831989444145,68.54023990209573
0.2,0.2,218.0,432.4090899104243,0.042030523500889545,68.54887956607462
0.2,0.2,219.0,432.40182015825815,0.040894170966902975,68.55728567077479
0.2,0.2,220.0,432.3947470726742,0.039788422357503114,68.56546450496818
0.2,0.2,221.0,432.3878653507455,0.03871245981467981,68.57342218943968
0.2,0.2,222.0,432.38116983160086,0.03766548699644221,68.58116468140261
0.2,0.2,223.0,432.3746554926689,0.03664672852907322,68.5886977788019
0.2,0.2,224.0,432.36831744601983,0.03565542947233513,68.59602712450771
0.2,0.2,225.0,432.3621509348003,0.03469085479737561,68.60315821040219
0.2,0.2,226.0,432.35615132976113,0.03375228887708455,68.61009638136166
0.2,0.2,227.0,432.35031412587415,0.03283903498865427,68.61684683913707
0.2,0.2,228.0,432.34463493903695,0.03195041482809752,68.6234146461348
0.2,0.2,229.0,432.3391095028629,0.03108576803647986,68.62980472910043
0.2,0.2,230.0,432.33373366555446,0.03024445173762559,68.63602188270772
0.2,0.2,231.0,432.3285033868575,0.02942584008705861,68.64207077305525
0.2,0.2,232.0,432.3234147350952,0.028629323831942506,68.64795594107267
0.2,0.2,233.0,432.31846388427897,0.027854309881786894,68.65368180583906
0.2,0.2,234.0,432.3136471112947,0.027100220889689837,68.65925266781541
0.2,0.2,235.0,432.30896079316256,0.026366494843889275,68.66467271199335
0.2,0.2,236.0,432.30440140436826,0.02565258466939944,68.66994601096212
0.2,0.2,237.0,432.2999655142643,0.024957957839511394,68.675076527896
0.2,0.2,238.0,432.29564978453897,0.02428209599694001,68.6800681194639
0.2,0.2,239.0,432.2914509667521,0.0236244945844031,68.68492453866328
0.2,0.2,240.0,432.2873658999352,0.0229846624844216,68.68964943758016
0.2,0.2,241.0,432.2833915082546,0.022362121668133148,68.69424637007704
0.2,0.2,242.0,432.2795247987362,0.02175640685291485,68.69871879441067
0.2,0.2,243.0,432.2757628590499,0.021167065168614278,68.70307007578126
0.2,0.2,244.0,432.2721028553526,0.02059365583219141,68.70730348881497
0.2,0.2,245.0,432.2685420301878,0.02003574983057744,68.71142221998142
0.2,0.2,246.0,432.2650777004407,0.01949292961156007,68.71542936994753
0.2,0.2,247.0,432.26170725534746,0.01896478878250815,68.71932795586984
0.2,0.2,248.0,432.2584281545567,0.01845093181675213,68.72312091362635
0.2,0.2,249.0,432.25523792624267,0.017950973767440176,68.7268110999897
0.2,0.2,250.0,432.25213416526793,0.017464539988693177,68.73040129474319
0.2,0.2,251.0,432.249114531395,0.016991265863885458,68.73389420274093
0.2,0.2,252.0,432.24617674754523,0.01653079654088117,68.7372924559137
0.2,0.2,253.0,432.2433185981039,0.016082786674059907,68.74059861522188
0.2,0.2,254.0,432.24053792727017,0.015646900172968332,68.7438151725567
0.2,0.2,255.0,432.2378326374511,0.015222809957437917,68.74694455259129
0.2,0.2,256.0,432.23520068769807,0.014810197719012243,68.74998911458277
0.2,0.2,257.0,432.23264009218474,0.014408753688530493,68.75295115412658
0.2,0.2,258.0,432.23014891872583,0.01401817640971701,68.75583290486428
0.2,0.2,259.0,432.227725287335,0.01363817251862999,68.75863654014623
0.2,0.2,260.0,432.2253673688211,0.013268456528825466,68.76136417464996
0.2,0.2,261.0,432.22307338342205,0.0129087506220959,68.76401786595572
0.2,0.2,262.0,432.2208415994751,0.012558784444645699,68.76659961608014
0.2,0.2,263.0,432.2186703321222,0.012218294908569023,68.76911137296908
0.2,0.2,264.0,432.21655794205054,0.011887025998498195,68.7715550319508
0.2,0.2,265.0,432.21450283426606,0.011564728583293977,68.77393243715049
0.2,0.2,266.0,432.21250345690004,0.011251160232651835,68.77624538286715
0.2,0.2,267.0,432.21055830004764,0.010946085038501134,68.77849561491368
0.2,0.2,268.0,432.20866589463736,0.010649273441077056,68.78068483192138
0.2,0.2,269.0,432.2068248113307,0.010360502059547689,68.7828146866096
0.2,0.2,270.0,432.20503365945126,0.010079553527081495,68.7848867870215
0.2,0.2,271.0,432.2032910859427,0.009806216330242996,68.78690269772692
0.2,0.2,272.0,432.20159577435425,0.009540284652607091,68.78886394099297
0.2,0.2,273.0,432.19994644385383,0.009281558222485019,68.79077199792349
0.2,0.2,274.0,432.19834184826715,0.00902984216465743,68.79262830956799
0.2,0.2,275.0,432.1967807751429,0.008784946856012547,68.79443427800092
0.2,0.2,276.0,432.1952620448427,0.008546687784989772,68.79619126737212
0.2,0.2,277.0,432.193784509656,0.008314885414731462,68.79790060492913
0.2,0.2,278.0,432.1923470529379,0.008089365049847941,68.79956358201207
0.2,0.2,279.0,432.1909485882711,0.007869956706703068,68.80118145502203
0.2,0.2,280.0,432.18958805864935,0.0076564949871299045,68.80275544636338
0.2,0.2,281.0,432.18826443568355,0.007448818955488238,68.8042867453608
0.2,0.2,282.0,432.186976718829,0.007246772018977824,68.8057765091519
0.2,0.2,283.0,432.1857239346331,0.007050201811123312,68.80722586355569
0.2,0.2,284.0,432.1845051360036,0.006858960078348885,68.80863590391792
0.2,0.2,285.0,432.18331940149676,0.006672902569562635,68.81000769593359
0.2,0.2,286.0,432.18216583462373,0.006491888928672651,68.8113422764475
0.2,0.2,287.0,432.18104356317673,0.006315782589958746,68.81264065423323
0.2,0.2,288.0,432.17995173857247,0.0061444506762256025,68.81390381075123
0.2,0.2,289.0,432.1788895352138,0.00597776389966497,68.81513270088648
0.2,0.2,290.0,432.17785614986815,0.005815596465356334,68.81632825366641
0.2,0.2,291.0,432.1768508010631,0.005657825977337248,68.81749137295948
0.2,0.2,292.0,432.1758727284978,0.005504333347176222,68.81862293815495
0.2,0.2,293.0,432.17492119247055,0.005355002704982761,68.81972380482438
0.2,0.2,294.0,432.1739954733217,0.005209721312790765,68.82079480536538
0.2,0.2,295.0,432.1730948708917,0.005068379480253134,68.82183674962793
0.2,0.2,296.0,432.17221870399334,0.004930870482586954,68.82285042552398
0.2,0.2,297.0,432.1713663098987,0.004797090480710217,68.82383659962049
0.2,0.2,298.0,432.1705370438398,0.0046669384435124705,68.82479601771664
0.2,0.2,299.0,432.16973027852237,0.004540316072203307,68.82572940540534
